Machine : IMEI/DEVICEID;Machine;Machine : Domaine;Machine : Système;Tous les logiciels : Nom;Moniteur(s) : Libellé;
"109-05-2012-10-16-13-40-16";"109-05";"LLB";"Microsoft Windows 7 Professionnel";"GeoGebra 4.2";"HP LE2002x";
"109-08-2012-10-19-08-37-35";"109-08";"LLB";"Microsoft Windows 7 Professionnel";"GeoGebra 4.2";"HP LE2002x";
"109-10-2012-10-16-13-52-04";"109-10";"LLB";"Microsoft Windows 7 Professionnel";"GeoGebra 4.2";"HP LE2002x";
"109-06-2012-10-19-09-14-03";"109-06";"LLB";"Microsoft Windows 7 Professionnel";"GeoGebra 4.2";"HP LE2002x";
"109-09-2012-10-08-11-04-29";"109-09";"LLB";"Microsoft Windows 7 Professionnel";"GeoGebra 4.2";"HP LE2002x";
"109-04-2012-10-16-19-35-23";"109-04";"LLB";"Microsoft Windows 7 Professionnel";"GeoGebra 4.2";"HP LE2002x";
"109-15-2012-10-17-11-43-19";"109-15";"LLB";"Microsoft Windows 7 Professionnel";"GeoGebra 4.0";"HP LE2002x";
"109-11-2012-10-16-19-30-26";"109-11";"LLB";"Microsoft Windows 7 Professionnel";"GeoGebra 4.2";"HP LE2002x";
"109-14-2012-10-16-15-23-38";"109-14";"LLB";"Microsoft Windows 7 Professionnel";"GeoGebra 4.2";"HP LE2002x";
"109-12-2012-10-17-12-13-43";"109-12";"LLB";"Microsoft Windows 7 Professionnel";"GeoGebra 4.2";"HP LE2002x";
"109-07-2012-10-17-09-40-30";"109-07";"LLB";"Microsoft Windows 7 Professionnel";"GeoGebra 4.2";"HP LE2002x";
"109-03-2012-10-17-09-35-23";"109-03";"LLB";"Microsoft Windows 7 Professionnel";"GeoGebra 4.2";"HP LE2002x";
"112-09-2012-10-19-10-15-45";"112-09";"LLB";"Microsoft Windows 7 Professionnel";"GeoGebra 4.2";"HP LE2002x";
"112-02-2012-10-17-10-13-38";"112-02";"LLB";"Microsoft Windows 7 Professionnel";"GeoGebra 4.2";"HP LE2002x";
"112-04-2012-10-17-14-24-25";"112-04";"LLB";"Microsoft Windows 7 Professionnel";"GeoGebra 4.2";"HP LE2002x";
"112-13-2012-10-22-14-27-00";"112-13";"LLB";"Microsoft Windows 7 Professionnel";"GeoGebra";"HP LE2002x";
"112-12-2012-10-23-08-42-49";"112-12";"LLB";"Microsoft Windows 7 Professionnel";"GeoGebra 4.2";"HP LE2002x";
"112-07-2012-10-18-01-52-13";"112-07";"LLB";"Microsoft Windows 7 Professionnel";"GeoGebra 4.2";"HP LE2002x";
"112-10-2012-10-17-11-28-46";"112-10";"LLB";"Microsoft Windows 7 Professionnel";"GeoGebra 4.2";"HP LE2002x";
"109-13-2012-10-17-10-23-17";"109-13";"LLB";"Microsoft Windows 7 Professionnel";"GeoGebra 4.2";"HP LE2002x";
"112-01-2012-10-22-11-27-20";"112-01";"LLB";"Microsoft Windows 7 Professionnel";"GeoGebra 4.2";"HP LE2002x";
"112-14-2012-10-22-11-12-00";"112-14";"LLB";"Microsoft Windows 7 Professionnel";"GeoGebra 4.2";"HP LE2002x";
"112-06-2012-10-18-04-22-13";"112-06";"LLB";"Microsoft Windows 7 Professionnel";"GeoGebra 4.2";"HP LE2002x";
"112-08-2012-10-18-16-57-43";"112-08";"LLB";"Microsoft Windows 7 Professionnel";"GeoGebra 4.2";"HP LE2002x";
"112-05-2012-10-17-10-14-59";"112-05";"LLB";"Microsoft Windows 7 Professionnel";"GeoGebra 4.2";"HP LE2002x";
"112-03-2012-10-22-10-32-19";"112-03";"LLB";"Microsoft Windows 7 Professionnel";"GeoGebra 4.2";"HP LE2002x";
"112-11-2012-10-17-21-25-07";"112-11";"LLB";"Microsoft Windows 7 Professionnel";"GeoGebra 4.0";"HP LE2002x";
"112-15-2014-04-08-14-57-04";"112-15";"LLB";"Microsoft Windows 7 Professionnel";"GeoGebra";"HP LE2002x";
"109-01-2014-04-25-11-41-47";"109-01";"LLB";"Microsoft Windows Vista";"GeoGebra 4.2";"HP LE2002x";
"109-01-2014-05-14-16-23-00";"109-01";"LLB";"Microsoft Windows 7 Professionnel";"GeoGebra 4.2";"HP LE2002x";
"109-02-2014-06-03-09-45-36";"109-02";"LLB";"Microsoft Windows 7 Professionnel";"GeoGebra 4.2";"HP LE2002x";